record_type,product_id,order,row_heading,row_subheader,brand_top,brand_bottom,nav_home_label,nav_home_url,nav_acting_label,nav_acting_url,nav_design_label,nav_design_url,nav_resume_label,nav_resume_url,nav_contact_label,nav_contact_url,footer_left,details_label,visit_label,preview_header,preview_source_prefix,preview_note,title,description,price_minor,currency,availability,image_url,image_alt,destination_label,destination_url,footer_icon_ref,footer_icon_label,footer_icon_url,font_scope,font_product_id,google_font,font_weight,font_style,font_fallback,color_scope,color_product_id,text_color,r2_location,header_size,subheader_size,body_size,content_section,content_location,orientation
block,product_nume_objects_01,1,Quandranea Q. Mouton,Scene Designer,Q,M,HOME,/,PROPS,/acting,DESIGN,/design,RESUME,/resume,CONTACT,/contact,Quandrnea - 2026,Project details,Visit project,Project Preview,Quandranea / PROJECT,Portfolio project preview,Big Love,Carpentinng for Big love.,5200,usd,available,https://pub-df6309f6f161417a958d3e058022e533.r2.dev/review/IMG_0478.jpeg,Refined studio and lifestyle object photograph selected for Column Table Lamp,Visit project,,,,,,,,,,,,,,,,,,,,
block,product_nume_objects_02,2,,,,,,,,,,,,,,,,,,,,,Prop Artist ( The servant of Two masters),Arc Bookend Pair is weighty geometric bookends designed to organize a shelf with sculptural clarity.,7600,usd,available,https://pub-df6309f6f161417a958d3e058022e533.r2.dev/review/618458db-b774-40ce-b853-2ba9ec92036d.jpeg,Refined studio and lifestyle object photograph selected for Arc Bookend Pair,Visit project,,,,,,,,,,,,,,,,,,,,
block,product_nume_objects_03,3,,,,,,,,,,,,,,,,,,,,,Grid Catchall Tray,Grid Catchall Tray is low-profile catchall tray for keys and desk tools finished in a calm stone tone.,8800,usd,low_stock,https://images.unsplash.com/photo-1519947486511-46149fa0a254?auto=format&fit=crop&w=1200&q=85,Refined studio and lifestyle object photograph selected for Grid Catchall Tray,Visit project,,,,,,,,,,,,,,,,,,,,auto
block,product_nume_objects_04,4,,,,,,,,,,,,,,,,,,,,,Volume Ceramic Cup,Volume Ceramic Cup is glazed ceramic mug with a comfortable handle and a playful high-contrast finish.,4200,usd,available,https://images.unsplash.com/photo-1503602642458-232111445657?auto=format&fit=crop&w=1200&q=85,Refined studio and lifestyle object photograph selected for Volume Ceramic Cup,Visit project,,,,,,,,,,,,,,,,,,,,auto
block,product_nume_objects_05,5,,,,,,,,,,,,,,,,,,,,,Plane Desk Mat,THIS IS A TEXT EDIT.,5800,usd,sold_out,https://images.unsplash.com/photo-1513506003901-1e6a229e2d15?auto=format&fit=crop&w=1200&q=85,Refined studio and lifestyle object photograph selected for Plane Desk Mat,Visit project,,,,,,,,,,,,,,,,,,,,auto
block,product_nume_objects_06,6,,,,,,,,,,,,,,,,,,,,,Index Steel Bottle,TEXT EDIT,9600,usd,available,https://images.unsplash.com/photo-1497215842964-222b430dc094?auto=format&fit=crop&w=1200&q=85,Refined studio and lifestyle object photograph selected for Index Steel Bottle,Quandranea,,,,,,,,,,,,,,,,,,,,auto
block,product_nume_objects_07,7,,,,,,,,,,,,,,,,,,,,,Halo Incense Stand,Halo Incense Stand is minimal incense holder designed to catch ash in a compact sculptural dish.,3400,usd,temporarily_unavailable,https://images.unsplash.com/photo-1531058020387-3be344556be6?auto=format&fit=crop&w=1200&q=85,Refined studio and lifestyle object photograph selected for Halo Incense Stand,Visit project,,,,,,,,,,,,,,,,,,,,auto
block,product_nume_objects_08,8,,,,,,,,,,,,,,,,,,,,,Fold Canvas Basket,Fold Canvas Basket is foldable canvas basket with reinforced seams for calm flexible home storage.,4800,usd,available,https://images.unsplash.com/photo-1524758631624-e2822e304c36?auto=format&fit=crop&w=1200&q=85,Refined studio and lifestyle object photograph selected for Fold Canvas Basket,Visit project,,,,,,,,,,,,,,,,,,,,auto
block,product_nume_objects_09,9,,,,,,,,,,,,,,,,,,,,,Relay Wall Clock,Relay Wall Clock is quiet wall clock with bold hands and a highly legible architectural face.,6400,usd,low_stock,https://images.unsplash.com/photo-1542744173-8e7e53415bb0?auto=format&fit=crop&w=1200&q=85,Refined studio and lifestyle object photograph selected for Relay Wall Clock,Visit project,,,,,,,,,,,,,,,,,,,,auto
block,product_nume_objects_10,10,,,,,,,,,,,,,,,,,,,,,Form Wool Cushion,Form Wool Cushion is wool-blend cushion with a tactile weave and supportive feather-soft fill.,3800,usd,available,https://images.unsplash.com/photo-1499750310107-5fef28a66643?auto=format&fit=crop&w=1200&q=85,Refined studio and lifestyle object photograph selected for Form Wool Cushion,Visit project,,,,,,,,,,,,,,,,,,,,auto
font_rule,,,,,,,,,,,,,,,,,,,,,,,,,,,,,,,,,,,brand,,,,,,,,,,,,,,,
font_rule,,,,,,,,,,,,,,,,,,,,,,,,,,,,,,,,,,,nav,,,,,,,,,,,,,,,
font_rule,,,,,,,,,,,,,,,,,,,,,,,,,,,,,,,,,,,row_heading,,Cormorant Garamond,600,normal,"Georgia, serif",,,,,,,,,,
font_rule,,,,,,,,,,,,,,,,,,,,,,,,,,,,,,,,,,,row_subheader,,Cormorant Garamond,400,italic,"Georgia, serif",,,,,,,,,,
font_rule,,,,,,,,,,,,,,,,,,,,,,,,,,,,,,,,,,,card_title,,,,,,,,,,,,,,,
font_rule,,,,,,,,,,,,,,,,,,,,,,,,,,,,,,,,,,,card_price,,,,,,,,,,,,,,,
font_rule,,,,,,,,,,,,,,,,,,,,,,,,,,,,,,,,,,,project_kicker,,,,,,,,,,,,,,,
font_rule,,,,,,,,,,,,,,,,,,,,,,,,,,,,,,,,,,,project_title,,,,,,,,,,,,,,,
font_rule,,,,,,,,,,,,,,,,,,,,,,,,,,,,,,,,,,,project_meta,,,,,,,,,,,,,,,
font_rule,,,,,,,,,,,,,,,,,,,,,,,,,,,,,,,,,,,project_description,,,,,,,,,,,,,,,
font_rule,,,,,,,,,,,,,,,,,,,,,,,,,,,,,,,,,,,action,,,,,,,,,,,,,,,
font_rule,,,,,,,,,,,,,,,,,,,,,,,,,,,,,,,,,,,preview_header,,,,,,,,,,,,,,,
font_rule,,,,,,,,,,,,,,,,,,,,,,,,,,,,,,,,,,,preview_source,,,,,,,,,,,,,,,
font_rule,,,,,,,,,,,,,,,,,,,,,,,,,,,,,,,,,,,preview_note,,,,,,,,,,,,,,,
font_rule,,,,,,,,,,,,,,,,,,,,,,,,,,,,,,,,,,,footer,,,,,,,,,,,,,,,
font_rule,,,,,,,,,,,,,,,,,,,,,,,,,,,,,,,,,,,footer_social,,,,,,,,,,,,,,,
font_rule,,,,,,,,,,,,,,,,,,,,,,,,,,,,,,,,,,,section_title,,,,,,,,,,,,,,,
color_rule,,,,,,,,,,,,,,,,,,,,,,,,,,,,,,,,,,,,,,,,,brand,,#ff2bd6,,,,,,,
color_rule,,,,,,,,,,,,,,,,,,,,,,,,,,,,,,,,,,,,,,,,,nav,,#ff2bd6,,,,,,,
color_rule,,,,,,,,,,,,,,,,,,,,,,,,,,,,,,,,,,,,,,,,,row_heading,,#ff2bd6,,,,,,,
color_rule,,,,,,,,,,,,,,,,,,,,,,,,,,,,,,,,,,,,,,,,,row_subheader,,#ff2bd6,,,,,,,
color_rule,,,,,,,,,,,,,,,,,,,,,,,,,,,,,,,,,,,,,,,,,card_title,,#ff2bd6,,,,,,,
color_rule,,,,,,,,,,,,,,,,,,,,,,,,,,,,,,,,,,,,,,,,,card_price,,#ff2bd6,,,,,,,
color_rule,,,,,,,,,,,,,,,,,,,,,,,,,,,,,,,,,,,,,,,,,footer,,#ff2bd6,,,,,,,
page_text,acting,,,,,,,,,,,,,,,,,,,,,,title,Props ,,,,,,,,,,,,,,,,,,,,,,,,,,
page_text,acting,,,,,,,,,,,,,,,,,,,,,,kicker,Artist/ Designer,,,,,,,,,,,,,,,,,,,,,,,,,,
page_text,acting,,,,,,,,,,,,,,,,,,,,,,body,"All Things Props! As a Props Artist and designer , i love bringing stories to life through creative and hands on work. from building and painting to sourcing and designing.",,,,,,,,,,,,,,,,,,,,,,,,,,
page_text,design,,,,,,,,,,,,,,,,,,,,,,title,DESIGN,,,,,,,,,,,,,,,,,,,,,,,,,,
page_text,design,,,,,,,,,,,,,,,,,,,,,,kicker,Scenic & Visual Work,,,,,,,,,,,,,,,,,,,,,,,,,,
page_text,design,,,,,,,,,,,,,,,,,,,,,,body,"A space for design practice, selected productions, visual research, process notes, and the work behind the finished scene.",,,,,,,,,,,,,,,,,,,,,,,,,,
page_text,contact,,,,,,,,,,,,,,,,,,,,,,title,CONTACT,,,,,,,,,,,,,,,,,,,,,,,,,,
page_text,contact,,,,,,,,,,,,,,,,,,,,,,kicker,Get in touch,,,,,,,,,,,,,,,,,,,,,,,,,,
page_text,contact,,,,,,,,,,,,,,,,,,,,,,body,"For collaborations, production inquiries, and creative work, send a message.",,,,,,,,,,,,,,,,,,,,,,,,,,
page_text,contact,,,,,,,,,,,,,,,,,,,,,,email,hello@example.com,,,,,,,,,,,,,,,,,,,,,,,,,,
page_text,resume,,,,,,,,,,,,,,,,,,,,,,intro_title,RESUME,,,,,,,,,,,,,,,,,,,,,,,,,,
page_text,resume,,,,,,,,,,,,,,,,,,,,,,intro_hint,Scroll back up anytime,,,,,,,,,,,,,,,,,,,,,,,,,,
page_text,resume,,,,,,,,,,,,,,,,,,,,,,name,QUANDRANEA M. MAYBE,,,,,,,,,,,,,,,,,,,,,,,,,,
page_text,resume,,,,,,,,,,,,,,,,,,,,,,headline,Scene Designer & Keeper of Improbable Rooms,,,,,,,,,,,,,,,,,,,,,,,,,,
page_text,resume,,,,,,,,,,,,,,,,,,,,,,location,Somewhere just offstage,,,,,,,,,,,,,,,,,,,,,,,,,,
page_text,resume,,,,,,,,,,,,,,,,,,,,,,email,hello@example.com,,,,,,,,,,,,,,,,,,,,,,,,,,
page_text,resume,,,,,,,,,,,,,,,,,,,,,,availability,Available after intermission,,,,,,,,,,,,,,,,,,,,,,,,,,
page_text,resume,,,,,,,,,,,,,,,,,,,,,,profile_heading,Profile,,,,,,,,,,,,,,,,,,,,,,,,,,
page_text,resume,,,,,,,,,,,,,,,,,,,,,,profile,"Scene designer with a fondness for theatrical architecture, impossible entrances, practical illusions, and making a perfectly normal chair feel suspicious.",,,,,,,,,,,,,,,,,,,,,,,,,,
page_text,resume,,,,,,,,,,,,,,,,,,,,,,experience_heading,Experience,,,,,,,,,,,,,,,,,,,,,,,,,,
page_text,resume,,,,,,,,,,,,,,,,,,,,,,experience_1_role,Lead Scene Designer,,,,,,,,,,,,,,,,,,,,,,,,,,
page_text,resume,,,,,,,,,,,,,,,,,,,,,,experience_1_dates,2024–Present,,,,,,,,,,,,,,,,,,,,,,,,,,
page_text,resume,,,,,,,,,,,,,,,,,,,,,,experience_1_place,The Department of Dramatic Entrances,,,,,,,,,,,,,,,,,,,,,,,,,,
page_text,resume,,,,,,,,,,,,,,,,,,,,,,experience_1_bullets,"Designed rooms that looked expensive while remaining legally just plywood.
Coordinated scenic builds, paint treatments, prop logic, and audience sightlines.
Reduced emergency fog-machine diplomacy by a statistically meaningful amount.",,,,,,,,,,,,,,,,,,,,,,,,,,
page_text,resume,,,,,,,,,,,,,,,,,,,,,,experience_2_role,Assistant Scenic Designer,,,,,,,,,,,,,,,,,,,,,,,,,,
page_text,resume,,,,,,,,,,,,,,,,,,,,,,experience_2_dates,2022–2024,,,,,,,,,,,,,,,,,,,,,,,,,,
page_text,resume,,,,,,,,,,,,,,,,,,,,,,experience_2_place,The Very Serious Players,,,,,,,,,,,,,,,,,,,,,,,,,,
page_text,resume,,,,,,,,,,,,,,,,,,,,,,experience_2_bullets,"Prepared drafting packages, research boards, models, and production notes.
Tracked scenic changes through rehearsals without losing the one important stool.
Maintained calm when someone said “what if the wall simply flew away?”",,,,,,,,,,,,,,,,,,,,,,,,,,
page_text,resume,,,,,,,,,,,,,,,,,,,,,,credits_heading,Selected Credits,,,,,,,,,,,,,,,,,,,,,,,,,,
page_text,resume,,,,,,,,,,,,,,,,,,,,,,credits,"The Chair That Knew Too Much — Scenic Design
Three Doors, No Exit, One Snack Table — Scenic Design
A Respectable Amount of Fog — Associate Designer
Hamlet, But the Couch Is Important — Assistant Designer",,,,,,,,,,,,,,,,,,,,,,,,,,
page_text,resume,,,,,,,,,,,,,,,,,,,,,,education_heading,Education,,,,,,,,,,,,,,,,,,,,,,,,,,
page_text,resume,,,,,,,,,,,,,,,,,,,,,,education_degree,"B.F.A., Theatre Design",,,,,,,,,,,,,,,,,,,,,,,,,,
page_text,resume,,,,,,,,,,,,,,,,,,,,,,education_year,2022,,,,,,,,,,,,,,,,,,,,,,,,,,
page_text,resume,,,,,,,,,,,,,,,,,,,,,,education_school,University of Extremely Specific Curtains,,,,,,,,,,,,,,,,,,,,,,,,,,
page_text,resume,,,,,,,,,,,,,,,,,,,,,,skills_heading,Skills,,,,,,,,,,,,,,,,,,,,,,,,,,
page_text,resume,,,,,,,,,,,,,,,,,,,,,,skills,Scenic design · drafting · model making · visual research · paint elevations · production collaboration · Vectorworks-adjacent confidence · emergency glitter containment,,,,,,,,,,,,,,,,,,,,,,,,,,
page_text,resume,,,,,,,,,,,,,,,,,,,,,,references_heading,References,,,,,,,,,,,,,,,,,,,,,,,,,,
page_text,resume,,,,,,,,,,,,,,,,,,,,,,references,"Available upon request, assuming the stage manager has forgiven me.",,,,,,,,,,,,,,,,,,,,,,,,,,
page_style,acting,,,,,,,,,,,,,,,,,,,,,,title_tag,h1,,,,,,,,,,,,,,,,,,,,,,,,,,
page_style,acting,,,,,,,,,,,,,,,,,,,,,,title_color,#ffb7db,,,,,,,,,,,,,,,,,,,,,,,,,,
page_style,acting,,,,,,,,,,,,,,,,,,,,,,title_size,,,,,,,,,,,,,,,,,,,,,,,,,,,
page_style,acting,,,,,,,,,,,,,,,,,,,,,,title_font_url,,,,,,,,,,,,,,,,,,,,,,,,,,,
page_style,acting,,,,,,,,,,,,,,,,,,,,,,kicker_tag,p,,,,,,,,,,,,,,,,,,,,,,,,,,
page_style,acting,,,,,,,,,,,,,,,,,,,,,,kicker_color,#ffb7db,,,,,,,,,,,,,,,,,,,,,,,,,,
page_style,acting,,,,,,,,,,,,,,,,,,,,,,kicker_size,,,,,,,,,,,,,,,,,,,,,,,,,,,
page_style,acting,,,,,,,,,,,,,,,,,,,,,,kicker_font_url,,,,,,,,,,,,,,,,,,,,,,,,,,,
page_style,acting,,,,,,,,,,,,,,,,,,,,,,body_tag,p,,,,,,,,,,,,,,,,,,,,,,,,,,
page_style,acting,,,,,,,,,,,,,,,,,,,,,,body_color,#ffb7db,,,,,,,,,,,,,,,,,,,,,,,,,,
page_style,acting,,,,,,,,,,,,,,,,,,,,,,body_size,,,,,,,,,,,,,,,,,,,,,,,,,,,
page_style,acting,,,,,,,,,,,,,,,,,,,,,,body_font_url,,,,,,,,,,,,,,,,,,,,,,,,,,,
page_style,design,,,,,,,,,,,,,,,,,,,,,,title_tag,h1,,,,,,,,,,,,,,,,,,,,,,,,,,
page_style,design,,,,,,,,,,,,,,,,,,,,,,title_color,,,,,,,,,,,,,,,,,,,,,,,,,,,
page_style,design,,,,,,,,,,,,,,,,,,,,,,title_size,,,,,,,,,,,,,,,,,,,,,,,,,,,
page_style,design,,,,,,,,,,,,,,,,,,,,,,title_font_url,,,,,,,,,,,,,,,,,,,,,,,,,,,
page_style,design,,,,,,,,,,,,,,,,,,,,,,kicker_tag,p,,,,,,,,,,,,,,,,,,,,,,,,,,
page_style,design,,,,,,,,,,,,,,,,,,,,,,kicker_color,,,,,,,,,,,,,,,,,,,,,,,,,,,
page_style,design,,,,,,,,,,,,,,,,,,,,,,kicker_size,,,,,,,,,,,,,,,,,,,,,,,,,,,
page_style,design,,,,,,,,,,,,,,,,,,,,,,kicker_font_url,,,,,,,,,,,,,,,,,,,,,,,,,,,
page_style,design,,,,,,,,,,,,,,,,,,,,,,body_tag,p,,,,,,,,,,,,,,,,,,,,,,,,,,
page_style,design,,,,,,,,,,,,,,,,,,,,,,body_color,,,,,,,,,,,,,,,,,,,,,,,,,,,
page_style,design,,,,,,,,,,,,,,,,,,,,,,body_size,,,,,,,,,,,,,,,,,,,,,,,,,,,
page_style,design,,,,,,,,,,,,,,,,,,,,,,body_font_url,,,,,,,,,,,,,,,,,,,,,,,,,,,
page_style,contact,,,,,,,,,,,,,,,,,,,,,,title_tag,h1,,,,,,,,,,,,,,,,,,,,,,,,,,
page_style,contact,,,,,,,,,,,,,,,,,,,,,,title_color,,,,,,,,,,,,,,,,,,,,,,,,,,,
page_style,contact,,,,,,,,,,,,,,,,,,,,,,title_size,,,,,,,,,,,,,,,,,,,,,,,,,,,
page_style,contact,,,,,,,,,,,,,,,,,,,,,,title_font_url,,,,,,,,,,,,,,,,,,,,,,,,,,,
page_style,contact,,,,,,,,,,,,,,,,,,,,,,kicker_tag,p,,,,,,,,,,,,,,,,,,,,,,,,,,
page_style,contact,,,,,,,,,,,,,,,,,,,,,,kicker_color,,,,,,,,,,,,,,,,,,,,,,,,,,,
page_style,contact,,,,,,,,,,,,,,,,,,,,,,kicker_size,,,,,,,,,,,,,,,,,,,,,,,,,,,
page_style,contact,,,,,,,,,,,,,,,,,,,,,,kicker_font_url,,,,,,,,,,,,,,,,,,,,,,,,,,,
page_style,contact,,,,,,,,,,,,,,,,,,,,,,body_tag,p,,,,,,,,,,,,,,,,,,,,,,,,,,
page_style,contact,,,,,,,,,,,,,,,,,,,,,,body_color,,,,,,,,,,,,,,,,,,,,,,,,,,,
page_style,contact,,,,,,,,,,,,,,,,,,,,,,body_size,,,,,,,,,,,,,,,,,,,,,,,,,,,
page_style,contact,,,,,,,,,,,,,,,,,,,,,,body_font_url,,,,,,,,,,,,,,,,,,,,,,,,,,,
